0,1,2,Classification
1.7024421931567584,-0.8387632541413997,0.7770740284252501,C2S1
0.8172550894025556,-1.204864413157625,0.8147382704399794,C3S1
2.2393483904918092,-0.6385921701748914,0.7473794021812796,C2S1
2.8043288744846855,-0.8301884058087934,0.7403313514392476,C2S1
-3.0105275611335442,2.182132565624299,1.7310519625093497,C4S2
0.930995146266116,-0.2946194243884975,0.5123210645901023,C3S1
-3.050240277248072,-0.7448033628218386,1.1902000525613503,C3S1
1.1083470546018668,0.4735852451407818,0.554782805682189,C3S1
-3.1110335170596124,1.9643564430561435,2.3507317418600007,C4S2
3.3516503732405583,-1.610092588028516,0.5195822768526717,C2S1
-1.7421756599651335,-1.1722009356601135,0.4452348532984736,C3S1
0.019493369706314,1.7469563740755492,-0.5035491727629668,C3S1
0.457283613322151,1.474535509256803,0.4518748333322574,C3S1
-4.485216820253834,-1.3038188479979156,0.7458155630853273,C4S1
1.8254726931746026,0.41634534918382854,0.1389898127452306,C3S1
1.2050650603350264,-1.454791611521533,2.712740205560433,C3S1
-3.934730727989474,2.046899123440017,-0.6904871324687746,C4S2
2.673692123965262,-0.43737456789207796,0.7736788746009804,C2S1
1.014146862604397,-0.6727536193486685,0.6839021478434885,C3S1
3.02558786529691,0.2421123377737251,1.6029377809248004,C2S1
0.5915271291569066,-1.1291799531716558,1.4109268227178395,C3S1
-3.3363882436476175,-3.0069730635930054,0.46243431249132216,C3S1
0.9311745915215024,2.256124555393227,0.2889928495851267,C3S2
1.480965923261584,0.6551192186915441,-0.16075307659185822,C3S1
2.832061180799771,-0.9995501495682815,1.3305845856731242,C2S1
2.8773061022185153,-1.39813799814609,-0.04386997774145841,C2S1
2.978665457954048,-1.4045091991946237,0.03987320969380753,C2S1
-0.2650016529969681,0.20124712595073901,0.5241105653146351,C3S1
1.5884895067678395,-0.7864406508397545,-1.1825739024066373,C3S1
0.9927173360110879,1.3134915728537515,-0.25442796487907654,C3S1
0.6182394866416766,0.12335941681355289,0.048212521826678754,C3S1
-0.2639311346838216,-0.6567459707625855,-0.5839735936273175,C3S1
1.8439324392757792,-0.2090984723167325,0.6332864530007293,C3S1
-0.2887232925098117,-0.8421775356875678,-0.5876000170006423,C3S1
0.7290100106913564,0.8085162661844092,0.06892358144144693,C3S1
1.6484298253548757,-0.28634350950045306,0.5912573512490177,C3S1
-2.8778675156668596,0.3612653090028709,2.684007168465114,C3S1
1.3532108954113848,-0.6085874573100671,1.2899283280007823,C3S1
0.609112416604503,0.6816454575645308,1.5266417713509517,C3S1
2.118888954737585,-0.35021611514095197,1.3234278582207177,C2S1
0.7956026945381285,-0.19029648103549435,1.2385375372216696,C3S1
2.306564608976807,-0.5527425922900633,0.8381316759513109,C2S1
-0.06741408215407671,-1.4242657211548073,0.6291055067183743,C3S1
1.2667826516684555,1.5354733822251865,1.5297794555904296,C3S1
-0.20032087379106223,3.073111797740431,-0.040047307401030824,C3S1
0.6361159423229474,2.4021539082470205,0.34647357070924106,C3S1
0.6873449140839523,2.2258038452595694,0.13782783129289772,C3S1
1.4749614227272303,-0.905027166594064,1.3180240988532312,C2S1
0.6343833566448267,0.2637761671177115,0.7867948563813482,C3S1
0.5894876163074186,0.4043506923383087,1.336823375305712,C3S1
2.5471991098032976,0.4843967807648026,-0.0008120835891941243,C2S1
-1.2123952678480778,-0.01772213503121052,1.3800191076996053,C3S1
1.0973911696107972,0.012189510762960806,0.9687660190234705,C3S1
1.1790445781397287,0.9327717579969382,1.0948781450157767,C3S1
3.112198132794487,-0.3265810774085004,-0.16587229949190027,C2S1
0.4140057615673878,0.6709207068680594,-1.1580010197619361,C3S1
-1.4677535918937479,0.2654443072011114,1.548255632240126,C3S1
-4.137683571908987,10.546844788233141,2.7615413615262208,C4S4
-2.5047830298812963,-0.8754563773650953,-2.276596379273361,C3S1
-2.1969133985181877,-0.005328003852803948,-0.8668138722608011,C3S1
-4.931453141202068,-0.9276316486349548,0.16466924966581414,C4S1
-0.03409485541452384,-1.5310853844417767,-0.09353244541539989,C3S1
-2.5120948144796973,7.894807552541668,-0.28131870058707853,C4S4
0.027007448869679703,-1.2532709117948622,0.721651082334409,C3S1
2.2943322106329522,-0.971926748360266,-0.04903299950802987,C2S1
-1.2316612441982726,-0.025914061534798832,-1.104246608502134,C3S1
-4.830941651463497,5.7501821832276825,1.8882842288961765,C4S3
-5.258785671166732,2.281410169179118,0.7088912605705271,C4S2
-0.46219580998753435,4.807052671303585,-0.9751590652370499,C3S1
-0.5978160375910736,-0.8569716927579688,-1.4023106192244152,C3S1
1.397848589561734,-0.35752074414622226,-1.5461006826945567,C3S1
0.6405488720795007,-1.5767492839458452,-1.717171396456264,C3S1
0.00014086642312729006,-1.1416470429598844,-0.021804536678873308,C3S1
0.6358646025675756,-0.22034002694445692,-1.79096076509092,C3S1
1.3143311903595483,0.2794199514137925,-1.6548583049279155,C3S1
1.2496613985318246,0.08565659592858951,-1.0537889069043263,C3S1
-6.414376414465545,3.9445429764897515,3.1834046270004257,C4S1
2.282557844255335,-0.4635835902828281,-1.3231094504047531,C2S1
1.4357413756899828,0.422907731791493,-2.1132324899214585,C3S1
0.5467332177589301,0.16586050130373456,-0.5592983258250656,C3S1
2.569009745843398,-0.9452844157323054,-0.35532018339610877,C2S1
2.079906607478568,-0.852371274395932,-0.04866590031003262,C2S1
1.317032180384576,-0.3976582219436426,-1.3539695350571244,C3S1
1.603173882783317,0.1231492998467463,-0.3320771433183611,C3S1
2.227057442180901,-0.827189802609652,0.404381313628382,C2S1
2.1819840271329074,-0.17169323477504847,-0.8004506062242585,C2S1
1.2850899536319549,-0.536695943184981,-0.883384064296362,C3S1
2.2443545473496744,-0.7564892487799791,-0.25411763367527623,C2S1
0.8028328921578319,-1.0004578226414147,0.1695957574796224,C3S1
2.753123829574219,-0.4815688514825478,0.6602575004267804,C2S1
1.8875403985329218,0.08958399104493776,0.10055272511742765,C2S1
2.0636688520087367,-0.18272970213600187,0.8878698270408503,C2S1
1.276386632797007,0.10273732897372405,0.4981658109773007,C3S1
2.988550089048047,-0.3974516477990188,0.8782987120162309,C2S1
-3.9491647938989365,-1.430454621484529,-0.101969965111402,C4S1
1.0446281342989865,-0.27915670648465984,0.7786094857034782,C3S1
1.4852391279189063,-0.08859321015063613,0.5629097972639764,C3S1
-3.9909342902340486,-0.969901260616911,-0.43525947600136167,C4S1
1.0245397649321812,0.8051397970219123,-0.5909300446312256,C3S1
-0.1313232964730437,0.5061620635911498,-0.06497268699223523,C3S1
0.6574309654113327,-0.6590936617545544,-0.001004213704520281,C3S1
0.7028974437786931,-1.4053067292679615,-0.22565808957745515,C3S1
0.6715178440535403,-0.8678314423352423,0.1900023069184335,C3S1
2.0448109350008616,-0.9780054012718047,-1.782796409133483,C2S1
-0.7914880799202574,0.8886709037463902,-0.7266116998857024,C3S1
-1.1996939050795572,-0.15678900162418488,-0.5255519787226883,C3S1
-0.48833363264439933,-1.0825299254122172,0.6180983765300119,C3S1
1.3532066996563534,-0.2883931726559839,0.799189178571574,C3S1
1.0087346545858693,-0.706387295859637,-1.2885229152457809,C3S1
0.5222468108757422,2.1641902652722385,-0.28860553015372165,C3S1
2.1961862514520636,-0.05081170029366978,0.9650253803422216,C2S1
2.0755267040659975,-0.23099990269321657,0.5795415745662674,C2S1
2.4431640691360283,-0.5456311815138594,0.7680284903809169,C2S1
2.1479885468448385,-0.021960912256703158,0.26147631754941725,C2S1
1.9368500207673751,-0.17599660042625234,0.33748048936136155,C2S1
-1.3332254687125766,2.2375766970469986,0.775165938303686,C3S1
0.7069609421435652,3.365329168158317,-1.724301204849752,C3S1
0.588006987316677,0.7917327313535854,-0.31627320216250987,C3S1
0.309210369648278,0.5807369453902177,0.4473229991107183,C3S1
0.7117855767928104,1.9535379872011844,-0.06736739422957391,C3S1
-1.1311097295990615,3.137404736249003,1.2771153522886711,C3S2
3.4276020511758185,-1.2161320042066388,1.3811021364241833,C1S1
-1.4091526906226937,0.050835081327705936,0.7308730678843388,C3S1
3.016536313071319,-1.1160158956963704,0.11106303552678637,C2S1
2.6632417980013736,0.5195499618312162,0.629443220560858,C2S1
2.5126245769716737,0.48318544560518734,-0.30564994404051227,C2S1
2.8975513426354027,0.18641374439928865,0.5683769133309595,C2S1
-0.9785621091977915,2.9258954061724323,-1.2600870087986487,C3S2
-0.9864376014420072,-1.688719538536891,-0.3907635102279846,C3S1
-1.5540148885173939,-2.1398774333669346,-1.1721239609697574,C3S1
-0.42143093443799035,-1.037978776342931,-0.24497522284918377,C3S1
0.906590478053215,0.9865582343058877,-0.6202828793380927,C3S1
-1.4784175594240996,0.0603329670413995,-0.3283451618995426,C3S1
-1.37073975750942,1.297456802334379,-0.6480951827678093,C3S1
-1.3224534808620663,-1.4883704850734818,0.008961221485508358,C3S1
1.8252336132335099,-0.8369139646813096,0.19462971502850185,C3S1
2.0297562531169246,-0.08145914326942541,0.5208957122957738,C2S1
-3.3436044289704596,6.993679863978793,3.6424981129148803,C4S4
0.2826842151792659,0.5583296861341249,2.5256710923795422,C3S1
2.1299636500894024,-1.1192188097563864,0.415265656976194,C2S1
2.027261966203295,-0.882910213488369,0.8577500269212848,C2S1
2.0316626777539106,0.9520572087366297,-1.9919287524664497,C3S1
1.677173036920513,-0.5216168190842433,-0.6048145877459803,C3S1
1.0706671286502798,-0.16962007399342932,-2.4747732531480033,C3S1
1.7060797346350036,-0.8635387130653084,-0.425171000359378,C3S1
-0.44754315673166684,-1.1373011590610191,-0.7401359046469017,C3S1
-2.130330745435862,-0.2519282589922543,-0.8733972004818192,C4S2
0.16806198431956956,0.04040029682426735,-1.5640280270937514,C3S1
1.4953776658329117,-0.7029339853746202,0.33425402902594353,C3S1
1.6559557036266501,-0.33092839338334185,-0.5446331262818909,C3S1
-4.336147698130162,-0.16665169950200256,-0.996393658660279,C4S1
-2.799058070007224,-2.29895636378608,-0.8491504525025954,C3S1
-1.3757026332162656,-1.3988969996119625,-0.6684884066978222,C3S1
2.1287001975588096,-0.13445714222650068,-1.2146593540831694,C2S1
-0.04308911692118055,-1.101663503585936,-1.3804653550478974,C3S1
3.1527731642332886,-0.7976262996522454,-1.7553165680488279,C2S1
-5.488409688559337,-3.3821932837054822,-0.13908788725108284,C4S1
3.033070010942565,-1.0983419583758487,-0.36932217059326905,C2S1
1.9342090619346415,-0.8164815430170227,0.3123361394356706,C2S1
3.0114849263527916,-1.1009167414443404,0.25521219732727674,C2S1
1.7086456072571605,1.2541328811639125,-1.695208147248245,C3S1
1.3028193919777553,1.5987818621956889,-0.483330320008846,C3S1
-2.6186987069006538,-0.44652507807207026,-0.6658407035192445,C4S1
2.937316179927689,-1.2031230715130976,-0.355224818531102,C2S1
-1.178790788834134,-0.7274219322422323,-1.910382531279248,C3S1
1.1942331710275298,0.3626263897502186,-0.5373742674145047,C3S1
0.20152090101614076,0.2822687896731613,-1.8207535058661335,C3S1
3.3711553597923354,-1.0056696485731693,0.8245425617122041,C1S1
3.171849800995453,-0.983797407806491,0.47630383665089554,C2S1
-0.37521049445527227,1.7196926409605153,0.42838919963885896,C3S1
-0.15875207012307538,3.0929198325906397,0.9344614963581048,C3S1
0.7389582964775028,-1.1472064126079815,0.9200965255372532,C3S1
-0.8272309892232861,-1.0109181755821606,-1.7273789251552225,C3S1
-2.3952368620675086,-1.656037485840828,-1.8491390417840603,C3S1
-2.727234694124386,-1.2534830027065837,-2.8166830827588174,C3S1
-0.3908378543945811,0.11287609560215375,-1.1107212733646636,C3S1
-4.136477090116214,-0.31448281186340166,-0.6477214864028162,C4S1
0.43519946956213706,1.4027147500097148,-1.2071312025554017,C3S1
-0.6945200156477117,-0.4152655817745511,-1.7556406117525993,C3S1
-4.727981224518088,0.044509571416201335,-0.36697228221706685,C4S1
0.18622825919482322,-1.7052562780622453,-0.9708181254247618,C3S1
-0.21443165739954004,-1.5844719235109024,-0.6964321191067167,C3S1
-8.609798678882466,-3.4385256867488283,-1.9023858838914445,C4S1
1.1060237810646856,-0.02603180757908773,-0.024836331905812185,C3S1
-0.1627688654962826,10.549620158437673,-1.636232885106273,C3S4
2.894548492639346,-0.9068311235792731,0.9111377880095863,C2S1
-1.4726350293224322,-1.2080941088774324,0.31620009328988735,C3S1
-0.09387218704957334,-0.33552774024317567,-0.03348618433360053,C3S1
-1.194271923779229,0.12205846005225597,-0.9894318088675385,C3S1
-2.1960382876871463,6.972332804051216,-0.9842217962762493,C4S4
0.7275449521156537,5.773910214705134,-1.4995336171801754,C3S3
0.8790176816583114,1.0430519911150458,-0.8060025821499827,C3S1
0.9331959630677981,1.0142917685628252,-0.8936929950051954,C3S1
-0.6688379503558959,-1.1872380912495224,-1.5368516640619048,C3S1
1.3122773961432943,-1.4143931000640684,-0.612104636014166,C3S1
2.410234384552944,3.9128873931539836,-1.2253712288256289,C2S2
-4.006099845858536,12.617232077480143,-0.4436350991757156,C4S4
0.29410706633916595,-1.1569382270636253,0.043393692809652225,C3S1
2.9512471029190968,-0.917091482343359,1.1931464168005044,C2S1
-5.043660148082272,-1.9497164416228898,0.30836000739838815,C4S1
0.22339397898468946,-0.5885026738516899,-0.1857311874691866,C3S1
-5.142044249756342,-3.8606888936895345,-2.721583533040629,C4S1
-3.171823490475551,1.8478617491572558,-1.3413680569806123,C4S2
0.03380512477449999,0.1673125437343799,-1.7207518228567398,C3S1
0.2867701893492281,2.6129131048604783,-1.4408105266851765,C3S1
-1.5970775011937068,-0.3769244042428114,-0.3633783746905548,C3S1
0.18321410705659869,0.43465573231496024,-0.8992459157320665,C3S1
-0.9392629315635376,-1.5576419970699324,-0.331174659678038,C3S1
-0.5318489326464274,1.8762914084487428,0.443057088648087,C3S1
0.3333425440054174,0.2909880399208536,-0.34027005346365186,C3S1
2.663161473671251,-1.0585778409973523,0.9265517173465364,C2S1
2.0089944543956193,-0.011006878485434624,0.4085320018390266,C3S1
-2.4283198333932305,0.37868739769396736,-0.16130190353946763,C4S2
1.6201558190493226,0.6131400888373743,-2.374782290696711,C3S1
-1.1899741107495132,4.632208153033793,1.197944283896398,C3S3
-1.472365792605544,-1.6069819673252468,-0.00799092821443426,C3S1
2.5529404096595716,2.0864104320754353,-0.9726595628580209,C2S1
-2.5603810001707843,1.3947200682468517,-1.2087244193158155,C4S2
0.14746823892150718,-0.5742807879508054,-0.2564995078567702,C3S1
-11.579647700493178,0.18004477548276424,3.6889927222420207,C4S2
-4.014201423100218,-3.6218753080742467,-0.20781593989513017,C4S1
0.014464008355900618,-1.8954103336157713,-0.2586362254989919,C3S1
1.7563421775311303,0.4612760924754895,-0.07095426693074294,C3S1
1.7565568071477653,0.7295384257795278,-1.4635625272686845,C3S1
1.5405062510807028,3.1764306525980714,-0.7167793898642323,C3S1
-1.1319936214461048,-0.6971775915064071,0.5756399726912718,C3S1
-0.9043903792321932,-0.5163709623228735,-0.8618780069177254,C3S1
-1.0470496240678038,1.480117768909577,-1.6794582594162164,C3S1
1.3508250391428074,-0.2497149298495622,0.39154185210003467,C3S1
-6.17537926982637,1.0565224479909452,-0.39874912862991335,C4S2
1.970226723249306,-0.2828520167874994,0.6069445291276174,C2S1
1.873472099163144,-0.5571777097247028,0.9204838739253646,C2S1
2.1984664200640207,-0.4404019256183237,0.7554026983472323,C2S1
1.1071842976038744,-0.09047198161324196,0.6168320444586286,C3S1
2.2046236411782267,-0.674721731279833,1.628003818274878,C2S1
2.6809381851779976,-0.7950443382699609,0.8100274139698339,C2S1
2.8293261238016076,-0.4905025834334106,0.4120405992659777,C2S1
1.901824259829513,-0.4906182929733346,1.2815533291956436,C2S1
3.118384625582241,-0.3857518994262595,1.4300412586871427,C2S1
2.3314917609067094,-0.20196039888957856,0.08419160624849327,C2S1
0.023928672934107973,-0.6653404884943654,0.5478226376558614,C3S1
-0.1916068596051722,-1.1337254732867166,-0.12711367527362039,C3S1
-3.5304688646938183,-1.0677456029211945,-1.1409447041106373,C4S1
-1.4542514619856135,-0.20742243494917492,-0.2300473909800397,C3S1
0.5780881952023388,-0.6350842967444715,-0.265538096678251,C3S1
2.384564038028119,-0.7076788627280606,0.015847483305595142,C2S1
-1.6965195727263291,-2.143857978464107,0.38555247671594406,C3S1
2.124360162005029,-0.9065959103130644,0.007421572718611622,C2S1
-1.4960550152029184,-0.6448128313206968,0.6621279908048134,C3S1
-1.4661786937595558,1.043603046763544,0.10638801707168434,C3S1
-0.5791884543309445,-2.056793333224074,-0.37791780802165714,C3S1
-0.6813837280381191,-0.830752765117524,0.13845637902305305,C3S1
0.49054540041021233,-0.9176358647791855,-0.6466307062251014,C3S1
0.029408818144761588,-0.16103025540413168,-0.3105603439839748,C3S1
1.167457376695385,-0.2396507104267385,0.3565521687797056,C3S1
-0.0771936377764509,-0.104599589830769,-0.08721977880751004,C3S1
-0.08296256535622164,-0.5464631535314749,-0.4905286998501148,C3S1
-1.4807784387563199,-0.714292220533586,0.1427419618280243,C3S1
0.2474136696518875,-0.5223912903750617,-1.105594825461859,C3S1
0.7520032685754799,0.3914692396681994,-0.4850492371612953,C3S1
0.10680185746529136,-0.9170170712974095,0.09442680772816009,C3S1
-0.6621012988243302,-1.1785166092748385,-0.7300773575360364,C3S1
1.8043605881314497,0.12255828239217645,-0.5953256790074392,C3S1
0.9771960609584175,1.6677119207816982,-1.2144654023543742,C3S1
-0.5639685524158351,1.1190645878038044,2.6026468500769964,C3S1
1.7300312144704182,-0.01966874137561708,0.8221929176535838,C3S1
0.027276127246292792,1.80034203431433,0.1512068531307561,C3S1
0.437161314734249,0.4209781648532342,1.994446892117641,C3S1
0.5149997063278153,0.5469071720941121,1.4325079239261074,C3S1
2.593401040953949,-0.26762271693233397,0.06547680275877495,C2S1
-1.9719537963134457,-1.5611169181527156,-0.3290626803134596,C3S1
1.788684338550529,0.06323531770432868,-0.7886120064898426,C3S1
3.081951187808659,-0.07779685712832228,0.7264778009935623,C2S1
1.4141253044667432,0.4187231662581759,-1.118702672418246,C4S2
-2.25710895513347,-2.5895314808680707,-0.14819513838540452,C3S1
-3.0222642334634773,-0.6938173099278159,0.3810523286479194,C4S1
0.35186393741508476,-0.4772255367821507,-0.5581416709675252,C3S1
0.6195788535796293,-0.6123691364103359,-1.4825252653132637,C3S1
-1.1422352910590299,3.368788122574783,-2.307078314715982,C3S1
1.752414373202306,1.3927077115338733,-0.4843820960408531,C3S1
0.2739462686067354,-1.109669933671677,-0.9025195104977506,C3S1
1.6779731884933078,1.898781129245435,-0.619566278299847,C3S1
-12.470496574900887,-3.8969892927608747,-1.0077404671065466,C4S1
-1.3855591602706767,-1.1034550567124062,-2.905855587701333,C3S1
2.75877595913992,-0.7153703240963047,-0.7989847927666901,C2S1
0.8112535055988426,-1.4426416010077725,-0.4944486069792073,C3S1
1.651832170630773,-0.7668325623791027,-1.4811626209935824,C3S1
0.8343777712268408,-0.023934731036501195,-1.701281087283668,C3S1
-0.2737833078605862,-0.16164891610157475,-1.589798783215154,C3S1
-2.0660659046065604,1.1942452276337392,3.795407479684808,C3S1
2.2971850674550867,-0.6900156186276141,-1.3806602856347732,C2S1
1.775148508258247,-0.817198309817156,-1.775184003235346,C2S1
1.255649031944078,-0.8257981849214265,-0.8119072766198331,C3S1
-0.29513676066646893,-0.36578566299129694,-2.376016394824619,C3S1
0.38021997598444124,0.7615895113054443,-1.5744995413568572,C3S1
-1.5001588130476424,-0.24391896477756733,-1.450777570391181,C3S1
1.0125910795028303,-0.16647383289632467,-0.7546068331696267,C3S1
2.272619654576631,-0.5390503684484462,-0.4555816117447231,C2S1
1.4546137332697406,-0.4078382365539763,-1.7471137395246417,C3S1
1.9795167974326255,-1.4984433346208972,-0.359959040034352,C2S1
1.4811393106879192,-0.36273504769012943,-0.9903216054269406,C3S1
1.0265810267219695,1.2263600568686017,-0.9749692068640301,C3S1
2.039363278938678,0.30862658568830215,-3.3288044564321755,C2S1
3.5094174681414225,0.05059310473979403,0.4230240556669201,C2S1
2.4607930642680667,-0.4782098540161839,-0.9435622687069186,C2S1
1.5014686727838507,-0.3623011138895825,-0.07693488637218973,C3S1
3.168658351742611,-0.5463877840933664,0.4454065951538611,C2S1
0.6660609566114216,1.6439781574942498,0.46484113345874634,C3S1
0.9192285323030085,0.8627700703324773,0.30533524879855867,C3S1
2.025463498046371,0.8738042752256128,0.23009684923540985,C2S1
-2.1555016857050813,0.35147110953697314,-0.20175986888751657,C3S1
-0.7526836912207029,0.21048559158405475,-0.15172689089019858,C3S1
1.212432018277059,0.18178873733041118,-0.3028495490832479,C3S1
1.2713315332276833,-0.030266836280842268,-1.0413208180942717,C3S1
-0.11001682183641134,-1.1529398567929174,-0.4837823939779968,C3S1
1.1354627834976836,0.044576830826696126,-0.7007098581600961,C3S1
-0.5270436405321047,0.10136083535997181,-0.12204116658370909,C3S1
0.38601938112380046,0.10576487471119099,-0.40355395757713963,C3S1
1.1969863424761757,-0.5954881727211723,-0.8099613890824793,C3S1
-0.6675135539967044,-0.8713704740338966,0.013771545009546998,C3S1
2.3286618767332525,-1.1475155763211602,-1.7103857763525827,C2S1
-0.089857642421231,-1.0696980022142486,-0.2328956932076505,C3S1
2.5483278541317262,0.7220644604216676,-0.94144206370286,C2S1
0.9919314930475677,-1.337722307178314,-0.23926119731362958,C3S1
-0.27628153978049885,-1.3109690661859064,-0.9569121395046107,C3S1
2.1960054712846815,-0.3464115920285012,-0.44008690894425023,C2S1
-1.242946347772346,-0.759292786653519,-1.4858119194595003,C3S1
1.9229831212236104,-1.0712947006994256,-0.21131271204030866,C2S1
3.3579682376787368,-0.16328890863442663,0.48215281326348125,C2S1
2.772240638880507,0.30421501203704776,-0.2095851337987139,C2S1
2.1674963945105907,-1.4571282262790344,-0.7365789494714793,C2S1
-0.2835804829370043,-1.5641739974967332,-0.7317980999776112,C3S1
3.3936128868202857,-1.4042715986820034,0.4214084801797106,C2S1
-0.387154909628779,-0.16608833404981913,-0.7578994303310265,C3S1
2.8496505334985254,-1.0408597146800178,-0.24718586533251494,C2S1
2.9652633251850746,-0.8966891338679633,-0.8378370280694024,C2S1
0.8966709507473435,1.1697862268806158,-1.1280260319263675,C3S1
-3.884926361364687,2.1855309598451655,-1.277096796970878,C4S1
0.33861907943401287,1.25504372854385,-0.06522775754984667,C3S1
0.4334390509739347,-0.5467392390518596,0.09433414998894885,C3S1
-1.5981999366104216,0.8852102385638615,-0.548758147971182,C3S1
0.3189446374707746,-1.0593614645039517,0.7665614015155402,C3S1
-2.922646637796691,0.9569177885905233,0.055323048265856906,C4S1
-8.171293759543676,1.950234719116764,6.867509531952217,C4S2
2.440038058658806,-0.19568607716182024,0.33840262031285206,C2S1
2.6865773219616167,-0.6359247251274047,0.5306012825593831,C2S1
2.572498890618082,-0.14939014494489317,0.8141462709657327,C2S1
0.6803166688958875,0.8363385725517053,-0.15761577311928315,C3S1
-0.46727890404279093,1.5614085612963509,0.29455304317713754,C3S1
1.9695714736779142,0.2815608803821232,0.2782876057853282,C2S1
0.11831481328292928,0.45273283298881073,1.5415563916949453,C3S1
-0.4060020500847247,-0.2980335067283143,1.5658534866955993,C3S1
0.7437928071441782,0.3555436849511337,0.9533467739909034,C3S1
-0.2935299943419788,0.163718202073297,0.624732023439761,C3S1
1.6135274605674912,-0.6760887273475045,0.38250674494939624,C2S1
-1.0068985872171652,-1.0637257899178938,2.139714206228162,C3S1
0.5335421274774966,-0.11918820618904064,0.6588740706853826,C3S1
1.9208718434071945,1.7261800711602242,-1.7715999106908893,C3S1
1.0145441450333572,0.2622106007596417,0.09382203107046008,C3S1
-3.010488485457677,1.2872777780697544,4.580085047086606,C4S2
1.873295529427087,-0.30643369216496763,0.4156505635006367,C2S1
-0.7107910136929567,1.2291260362726237,-1.4646112548895143,C3S1
-4.048390808367126,-0.461547416963986,-0.9063377452545339,C4S1
-1.0493506751373363,0.7260448661973518,-0.36928648403523734,C3S1
-0.012992590511516114,1.6589791792339472,0.02480709961223006,C3S2
-2.1888042586432004,-1.6188765297585588,-0.693015183736722,C3S1
-2.1103118852406704,-1.2142117300948152,-1.3277744144343588,C3S1
1.509358505768928,-0.4394832899961493,-1.6305164004255617,C3S1
-2.160288714392846,1.4625695047203862,-1.7514934997971139,C4S2
-1.4109182924855348,-0.5036950702796749,-2.1118160979840463,C3S1
-2.599243930394882,0.4496385377488792,-0.9348741837299819,C4S1
0.8011618604706026,0.9920410841246233,-1.843075551440992,C3S1
-11.73887282425711,-0.618998307256675,-0.8671416839230573,C4S2
-1.120163788888675,0.6007800652259739,-2.972744585229751,C3S1
-3.6499392947822766,2.3680561669374294,5.619054645523444,C4S2
2.3272379126008036,1.1095060635273168,0.5912914231368095,C2S1
2.108443543439781,-0.660810818665755,1.019277598295688,C3S1
2.4084802360693787,-0.6213790804791889,0.7777490985191229,C2S1
1.6123936374632366,-0.273422421335497,0.35418827725152313,C2S1
1.5971805070417853,0.18295541195397647,1.0470602144436594,C3S1
-2.50121645973505,-1.012369889545721,1.6840823204547786,C3S1
2.216910220079846,-0.7015986191871422,0.18497421183482415,C2S1
-0.5369142520095938,-1.0952235729559507,1.7316697296211998,C3S1
3.378477118019396,-1.4303407019786651,0.5437599331178669,C2S1
-0.22899594703624476,0.022179178903312897,0.8152444814962769,C3S1
2.7544489899765434,0.25574447849618076,0.26113991915929247,C2S1
-1.3650170417111003,0.6722822011879326,0.17677636126693647,C3S1
-5.031949297080822,-0.40008751132469467,-0.6444800224259564,C4S1
1.9255716045987428,0.2658139000688029,0.3030862062398103,C3S1
1.3537459872574291,-1.2643314084230732,2.687459406098859,C3S1
-7.5252704201856115,2.7373157077989956,-0.9997158044689739,C4S2
2.656512487729094,-0.3375994381718386,0.8072195705695977,C2S1
2.222880970732978,-1.3281571156518694,1.2534339843976856,C2S1
2.842062624322834,0.3405721373361732,1.5985450706954607,C2S1
-3.160215253926921,-0.26526229068502916,0.7659523445978832,C4S2
-0.31685559948956776,3.4194377791496438,-0.5944030555308106,C3S2
2.6926886681657063,0.230936161455268,-0.26870035389423325,C2S1
2.8551480768525628,-0.7618819002752983,1.6474908022322916,C2S1
2.858725603874621,-0.7580106666765875,-0.12804708641130963,C2S1
2.485109443591859,-0.7986390905514835,0.387007637514783,C2S1
0.15022599248337912,0.29073698980172413,0.8202911303392137,C3S1
1.6559664794125821,-0.0764159456226877,-0.05506181690623259,C3S1
0.5816724790596253,-0.4397774418949771,-0.06742167523142734,C3S1
1.5819031258994205,-0.05013647473195322,0.7427257397908796,C3S1
3.007199758566514,-1.118261943068826,0.6497155796510632,C2S1
1.5769132186084156,-0.05736110534611511,0.7179332830959018,C3S1
-0.5392371295309147,-1.2229099425266365,-0.22097263492772243,C3S1
1.4586727218485123,0.024128866910068863,0.8219251444641289,C3S1
1.691908855219005,-0.4112394396011172,0.8582882126670904,C3S1
-5.557751278834452,3.2855310582880524,4.2971394553748805,C4S3
0.8709645032672219,-0.28058351653994124,1.0971884835705015,C3S1
0.5474696507983119,-0.8418829037477272,1.1496276062642055,C3S1
-0.5417195083151306,2.5691623537848622,-0.12384757604362351,C3S1
-0.30275688137706197,0.9551925354993145,-0.33972614224777115,C3S1
0.3982428830222042,-0.29508656985796644,-0.6589267734154792,C3S1
2.7903622962107573,-0.2610494972141566,1.487559502665524,C2S1
0.6707316523253173,-0.35929691735050767,0.9016416182199861,C3S1
-5.7730175188115025,-2.8740239639894605,2.1454833654048517,C4S1
0.11175144114856142,1.9251371995348066,0.06625902014772377,C3S1
-0.8434984503532804,0.007665691098411199,1.2752001037582779,C3S1
1.276660297317189,0.19694723470111347,0.9275729315321408,C3S1
0.7920594237021724,0.9309505046368314,-0.5090029823233819,C3S1
-0.1703827520538045,2.8027524365324537,-0.31456183682350075,C3S1
2.621331032373822,-0.7395716293681179,1.0185134377169216,C2S1
-0.5150117274329985,-0.6682570092144201,1.1393150696635577,C3S1
0.27545779604361353,-0.08807049478018146,1.3761842052511957,C3S1
-0.7471599488654649,0.7848307946761989,2.7932869869852794,C3S1
2.556447055835364,-0.4024929164931,0.7780182362147291,C2S1
0.7101563397585198,2.225630580666518,0.49395334202306157,C3S1
-0.8228496905286019,1.3225595732206654,1.8400516500888917,C3S1
-3.0971416701848327,6.236656388300686,1.2598216764774448,C4S3
-2.6197659877977917,-2.1977545279580197,-0.23754016315140886,C3S1
1.4541133704369449,1.7284366015715515,0.1727074790825699,C3S1
-4.17333581803396,-1.1107943385748906,0.4242757501917083,C4S1
1.6589808359787206,-1.2223011817057017,0.6716041794327582,C3S1
-0.5477385119413763,6.02726271498681,-2.344267639919312,C3S2
-1.667861073858294,-2.770648884578279,0.5427343286209091,C3S1
2.8728848013263417,-0.22518406334810726,0.6940715552879855,C2S1
-0.9714859943396259,-2.0160134307587723,0.23081317542770594,C3S1
-7.994064248220669,3.0234868328589357,0.4676859350195733,C4S2
-3.738942228481989,2.3252116186569047,1.8119360370574231,C4S2
-1.1057102458604637,0.7343256150451525,-2.497548249931968,C3S1
-0.0681543818742758,0.009306738159734648,-1.021162766825911,C3S1
1.131853501490393,-0.6819374973885315,-1.343201246838268,C3S1
-0.06505219984657538,-1.644010223112826,0.40335832160172086,C3S1
0.46990978508681236,-1.0038653319810096,-1.0741368725816038,C3S1
1.9853389581376681,-1.1146030217514142,0.15113171454146915,C2S1
-0.5999721907429002,0.2644681526745067,-0.29704569789212165,C3S1
-3.1070834742541478,1.9296595357674238,-0.221648875985915,C4S1
2.2589469122894186,0.05718485773211283,-1.0843653352525202,C2S1
0.16945092385098542,-1.3338402091350874,-0.7979630928690508,C3S1
-0.06816875844594102,-0.35521949488719423,-0.15529952217583218,C3S1
-0.6747510536361886,-1.7635506799208052,-0.1385226598745749,C3S1
0.8823112635622784,-1.3367680628796932,0.32244778243718214,C3S1
1.3059821045610307,0.1150150363989536,-1.0107557557327198,C3S1
1.9618039858963492,-0.10522724522545442,0.2595119375350929,C3S1
-5.0646593383385845,-3.2977901147360735,-0.5238224236641393,C4S1
2.011440051366051,-8.00283968593617e-05,-0.30822225210516513,C2S1
2.9293687952689584,-0.8091248797815667,0.6730595842515087,C2S1
2.163665632210199,-0.4980191676696719,-0.09151317124830802,C2S1
-0.5959457046382699,-1.9492060331049583,0.34259757429929993,C3S1
2.6097412335268366,-0.713066277109578,1.2574495599439643,C2S1
1.1286945491799514,-0.029064172712682957,0.21769259806579314,C3S1
1.8021875405743852,-0.3407715059895435,1.1811138375609833,C2S1
0.2627754904053084,1.363227097832126,1.2885250411760747,C3S1
1.780274996234939,0.06263102486491108,1.3470518684982438,C3S1
-3.3825457441050326,-1.189004069446475,0.021660868853203,C4S1
-0.35582077073688334,-0.2966837229886351,-0.4203774040685555,C3S1
-2.834092741043147,0.6185362478790345,-0.38761437646759317,C4S1
-3.779563102223055,-0.8468027595554678,-0.0969138179421044,C4S1
1.8788937061191477,0.1539143737007217,0.2961762227437153,C3S1
1.6798674446670705,0.209932678365389,0.23741864248268607,C3S1
0.05981612311690117,-0.7344092524391421,-0.11692512043051338,C3S1
3.100548865783092,-0.951744532900777,0.8773489807397234,C2S1
0.5219469326659011,-0.7324523226977891,0.38587297892954214,C3S1
2.208655624321043,-1.36782547682363,-1.5447971585071294,C2S1
0.949006557636309,0.38806772300979814,0.2981902970312717,C3S1
1.293135826996349,0.15804453152538106,-0.052771276354928315,C3S1
-6.047623351096145,-1.4128996970620082,-0.5406317672629559,C4S1
-0.3105806794936482,-0.790019886409787,0.007545546720900769,C3S1
-0.5268556923504205,-1.1842569559142762,-0.6823690925813708,C3S1
1.1608952376217467,1.46293766940505,-0.7467451367321768,C3S1
1.2488586991982011,-0.767249124426987,0.6424978409634097,C3S1
1.2217967086589419,-0.9517921320976475,0.08771183097613812,C3S1
2.3534516220556374,-1.0718590703614244,0.9186814874362068,C2S1
1.9231890237174478,-0.33958199326161365,0.3612078133594337,C2S1
1.3694898322214089,0.24383458193950772,0.9681749453065618,C3S1
1.135665726855912,-0.29716516885167443,1.4379842540400776,C3S1
1.539062369724968,1.7773228930747682,-0.7445904138751765,C3S1
-0.8317710443266655,0.36173265208935107,1.4913607480432707,C3S1
2.1963789899945785,0.9461259100615672,-0.011901334925548119,C2S1
1.2820403838618297,1.6182550779679046,0.21672351762562506,C3S1
0.1183510106867258,0.9819633395585095,0.7002569123959426,C3S1
1.4755017908265908,0.6398459117704484,0.3985337864248581,C3S1
3.0382050458741263,-0.6923417835947607,1.418761070578987,C2S1
2.494262967415848,0.14249456086144885,-0.09542688709540785,C2S1
-0.8962932933649892,1.4745429142332889,-0.4920739930895061,C3S1
0.2985971607328435,-0.4341351152036352,-1.0305530001579768,C3S1
2.0289265753707255,2.9549874823006825,-0.5120305913496822,C3S1
1.3125785223858941,2.393477412486198,-1.2251644350766984,C3S1
-0.6012664248839656,-0.7318877480023095,-1.3600428230441877,C3S1
-2.5947805198893916,-1.5878700656996685,-2.0298512149896832,C3S1
2.0560283515119315,-0.08631151925140097,0.04359942930498687,C2S1
0.3604305854748119,0.6228726340649091,-0.5804141199155356,C3S1
-5.594476642476535,0.8486153111807724,-1.5712854406120549,C4S1
-2.320202610176279,-0.10496350120469342,-0.9734980445725895,C3S1
2.3013868189661615,-0.3015064713355482,0.8332265970356895,C2S1
2.224610845579173,-0.11906560803910912,0.6176575735313059,C2S1
-1.05410776354655,0.9221953745633018,2.1353836382142037,C3S1
0.8313501442698356,0.06349326716979796,2.117873012656806,C3S1
2.211247678662558,-0.1608536364715155,0.6493465894782051,C2S1
2.9323201487934165,-0.5419805503375177,1.1729933620523783,C2S1
1.5411932779620616,0.8092880700047344,-1.4873489454154638,C3S1
2.3479361127183416,0.34269947402018613,0.09910174638571537,C2S1
0.9910613328830765,-0.6441267558348412,-2.097036060705089,C3S1
-3.4318287038742423,-0.36982960686965044,-1.4566060516186243,C4S1
-1.578308639208947,-1.3325416031760553,-1.7329790658698732,C3S1
-3.585210545529538,0.0731752091596109,-2.178293655143018,C4S1
0.32172737358007203,-0.2224442737516795,-1.4461438422587305,C3S1
-2.19743963365935,-0.8061952607884957,-0.7409720401060975,C3S1
0.9138438175431692,-0.161205068908687,-0.4911781209359746,C3S1
-4.777872633079999,0.2889603535803056,-0.7855948117381928,C4S2
-3.4910884899922796,-2.0853253305698747,-1.7122227786324575,C4S1
-2.074063019476409,-0.6028318456502487,-1.5590313887444704,C3S1
-0.3369131369636805,0.5658946518327264,-0.992582156144274,C3S1
0.7605365486820986,-0.21604734617321616,-1.9307583642154165,C3S1
2.0306642742446464,-1.0633429608467806,-0.6365289439234962,C2S1
-5.28672015459804,-2.508474338821778,-0.8063638962369836,C4S1
1.5302803163236482,-0.8919070012529098,-0.4213004857866476,C3S1
1.136662261207619,-0.9798123954158869,-0.23230070052580562,C3S1
2.567833570251128,-0.6759454566165416,0.17355192775349282,C2S1
0.5606336477714005,0.4278792872124953,-0.7917006289437678,C3S1
1.1843773597461675,2.880732809524722,0.016495236282202945,C3S1
2.313455376532083,-0.9741709118457733,0.4998416947666302,C2S1
0.0029074517376595785,0.062230267324375456,-1.2738649786608909,C3S1
-0.4637226274140716,-0.7471097906742485,-1.0688473587472271,C3S1
1.3021913346235237,0.6155550973859499,-0.03657209910850628,C3S1
2.260801588043281,-0.7724968376131314,0.27473322658833615,C2S1
3.119053818207422,-0.7217482213133992,0.4915876357150342,C2S1
2.9778481262127663,-0.44513216800930727,0.6098413458725147,C2S1
-0.6778419132180836,1.9742787791282943,0.10411836966898015,C3S1
-1.783922163625529,3.265868865607801,1.447525112137774,C3S1
0.21485160051098035,-1.0903579610273,1.1155658289462924,C3S1
-0.6211530716947197,-0.7527688634043848,-1.7345366343992126,C3S1
-5.520464305241941,-3.0279412418448763,-1.4525173526804502,C4S1
-0.22603134510828296,0.07474975833311814,-1.683044355678153,C3S1
-2.0631292232160043,-0.7618427305760858,-0.7765731649871156,C3S1
-3.659825399820526,-0.2276121695387737,-0.22903757775669764,C4S1
-2.201183182140732,0.9592433938893001,-0.49839594391587866,C3S1
-3.550249613672391,-1.724847707270499,-1.3471359010417419,C4S1
-5.649940769632038,0.7128507092244353,0.7461125798145704,C4S2
-0.7044802980895097,-1.446077217829878,-0.6746224865417112,C3S1
-5.275910981348782,-3.1622729517506065,-0.7084638185356131,C4S1
-5.749034650251057,-1.7757753797526183,-2.156619254737072,C4S1
0.11968240228114364,0.04541487011901266,0.056199173739476097,C3S1
-1.5222157221502348,7.093685068437055,-0.5374004299213304,C4S1
0.4019788659679119,0.82708377019561,0.3306859098786434,C3S1
-2.0186626560653913,-0.47834890176290806,-0.10644168101618397,C3S1
2.4794404684055484,0.194334579122297,0.5968241159244561,C2S1
-0.5422317992551549,0.0826304896783794,-0.23648100813889128,C3S1
0.06201719285002989,5.8280737341365,-1.8194343606892551,C3S1
1.3018728569303466,5.0034833676459085,-0.82960806770378,C3S1
-2.4143092969659556,-0.8569389883979367,-1.4331476127086655,C3S1
1.4730491704898903,1.4173574794071422,-0.3435414938830483,C3S1
0.6752944497925719,-1.4677603673805963,-0.6882862377894592,C3S1
-1.2318013328321447,-1.9068313413727855,0.3457045918077361,C3S1
3.1625144885539607,-0.7518456700047789,0.3630122002662209,C2S1
2.47634022350252,-1.199123410152727,0.7105448365693136,C2S1
-4.000199508580327,1.61560736144841,-1.1951020858743215,C4S1
-0.1892293590872298,-0.6856047450088737,0.2812370048613987,C3S1
-3.164038065226267,-1.926341298222814,-0.6132558087311678,C4S1
-0.5150917303607807,-0.8364848344583461,0.04967643396451208,C3S1
-0.6114111962871692,-1.4560679015872993,0.01754497440204822,C3S1
-1.6966449550418938,1.0443426795629676,0.35028207719186255,C3S1
3.1321929856710438,-0.9766868983477469,1.057841435704059,C2S1
0.5150316471259703,-0.4957307957485128,0.17289918017160963,C3S1
-2.8144404459714245,0.6060674047065029,-0.06077012591052211,C4S1
1.5175581495809163,0.020212267901059032,-1.7079897333855225,C3S1
-1.8818192585506255,3.5511231090228863,-0.5059554586648642,C4S1
-0.548799786662877,-1.0054447782995046,0.30235049153995547,C3S1
-0.8688049520286821,2.3289170846438543,-0.7212240365272382,C3S1
-0.49825852753504,-0.590366169424667,0.18012528885902848,C3S1
2.2243890242702276,0.5309313061133596,0.07003181581894403,C2S1
-5.988137447251999,0.2008017532427803,2.5732563630101093,C4S1
-2.7160855299323106,-3.0336675731215377,-0.1441205208500149,C3S1
-1.6450382467568732,-2.1277405454625953,-0.6159491753289512,C3S1
-2.4279041977748714,-1.8826988980288986,-0.04464154697547725,C3S1
2.5176303406080716,0.7474847229459648,-0.5446781633218436,C2S1
1.5864947669563518,2.929643623690515,-1.107374226695106,C3S1
-9.871222414370012,-3.699284767825694,0.33415450215617953,C4S1
-0.7919556464375758,0.4826597826731002,-0.705024397862294,C3S1
-1.535124454502406,1.660259371466325,-1.2034162170246903,C3S1
1.1671867657119357,1.7688518348359388,-0.0004685510966033604,C3S1
0.24072957637168424,0.4822912892080275,-0.8585594115515668,C3S1
0.8017811890794243,1.1184523635383743,0.8098327122567303,C3S1
1.3809051581046408,1.1928463316040905,-0.21178164093964907,C3S1
1.3329449068584875,0.012715373986311415,0.28123087708463484,C2S1
0.26367235690354346,0.04671444564833319,-0.029778027405278632,C3S1
1.381632615250271,0.02135240272553296,0.8815899925238193,C2S1
1.7579010780723616,-0.3860895778756692,0.7808772381176001,C2S1
2.3738682921853256,-0.3838334783886051,0.13578854654417039,C2S1
1.5716012526947043,0.0470273199119202,0.8559019357009171,C2S1
2.769503349804415,-0.5166356616222406,1.7167854543719834,C2S1
2.06709894063443,0.911290042092938,0.46629352269547497,C2S1
-0.20448763872993175,-1.1739192802831004,1.8873196660285434,C3S1
-0.4773747037793056,0.3006193863197941,-1.249697556333199,C3S1
-2.3236563853613186,-0.632731217168625,-0.9590736217670598,C3S1
-0.6800796575753923,-0.30924721930453014,0.06573336306628869,C3S1
1.7765152259879924,0.004409443802666473,0.021958579904991327,C3S1
2.139537793067601,-0.751336759914402,0.38462384428706425,C2S1
1.0925497679367262,0.45734858654486776,-0.25029418493917394,C3S1
2.2198972923920124,-0.8154208848407093,0.30880130209607554,C2S1
0.5264895111557718,-0.4555574111436724,0.9255233588024263,C3S1
1.7838921020847605,0.7538831137766578,-0.008795128323089135,C3S1
1.6407322497896426,-0.9401974043702004,-0.044067534995073765,C3S1
-0.02837984546570471,-0.14688653805468738,-0.22568122917838,C3S1
0.7251497050621224,-0.5482662258993448,-0.0939322882004201,C3S1
0.39490239535603167,0.6134858292437465,-0.2990508788269793,C3S1
1.9839914306720718,-0.8032510510635844,0.5221235413329881,C2S1
0.3737964315967897,-0.7021878104365336,0.09620794961623999,C3S1
0.07930887688349876,-0.5755814692690312,-0.25329011717993744,C3S1
0.5469181174968164,-0.5484687447797099,0.2309742389721254,C3S1
-0.02395589195802846,-0.5801773786258811,-1.5457212561878972,C3S1
1.5268559692487218,0.05122268452874839,0.18865324496623087,C3S1
0.04781603860013726,-1.0630263601022898,1.315138633981477,C3S1
0.6492423459008915,-0.40353765409609943,-0.25166501956861304,C3S1
1.0182771967373856,-0.5533960959846528,-0.36484062641152515,C3S1
1.9462687841082134,0.8381824332360952,-0.7371339964730684,C3S1
0.5257830197727449,-0.8687977562922722,2.1654782966926787,C3S1
2.043324481411551,-0.9758131327843876,1.0522951495868953,C2S1
-0.4519243654783049,4.212858079902811,1.1013758141805887,C3S2
0.9336254298104185,-0.18991846561002015,1.8875629889690926,C3S1
-1.0582165594101407,-1.1692561976943578,1.5253820697887175,C3S1
-3.375500575305904,0.44143018721449095,0.426024061174148,C4S1
0.5140834878427674,-0.9042395099296018,-0.12113374376815456,C3S1
-3.502636326571028,-0.5772933447330539,-1.620636395287504,C4S1
-0.584174520676063,-0.16397156172059324,0.10004220214222741,C3S1
-2.5445736056368675,0.8904621217064682,-0.5999032728510992,C4S2
-9.44513562230029,10.522394024134197,-0.028492373769030972,OG
0.052631816614175556,-0.9103713326108973,-0.6556806456328144,C3S1
0.9694880192371869,-0.4987438856587331,-1.2254458037499298,C3S1
0.9379829421209158,0.23065330642291307,-0.1013742567695475,C3S1
-1.7213160509140968,-0.016376441974796766,-0.6606069648447818,C3S1
-1.805925049561033,2.6330160616282177,-1.7529639418349119,C3S1
-0.893479478019053,0.8617098521577585,-1.4901918399934202,C3S1
-0.3705962129001485,-0.4370344587935064,-0.692384166969082,C3S1
-4.191887946313772,-1.8342587889281934,-1.2227989521200968,C4S1
-9.3712821785807,11.65854041444055,-0.8270159388554372,OG
-1.3080348664465922,3.3607084015390845,-0.6053073969160432,C3S1
-2.256335815179112,0.5374308184206956,-1.3941419303733018,C3S1
-3.8865099129143754,-1.397593788460163,-0.1782898475567337,C4S1
0.38337926746728496,-0.3096392371449895,-1.0018091254546102,C3S1
-1.1030682222191073,-1.5250659866466831,-0.6877672880233691,C3S1
2.7526570234262264,-0.23998500298658684,-0.8567731330551923,C2S1
2.1361150397991238,-0.6436005178924037,-1.6945990679976355,C2S1
0.10414524468661494,-0.23704432379910126,-0.9234755143553204,C3S1
0.6008018164919892,-0.3284689731520631,-0.7748924760404886,C3S1
-0.8125816350637819,-0.4072913239578095,-1.126141322428881,C3S1
-1.1036309153347355,1.733472026793976,-0.35106600649003006,C3S1
-0.3100852200301853,-0.640353324199934,-1.212702797817922,C3S1
2.9733399859493654,-1.5152432400235383,0.051530880835112515,C2S1
1.9656287019577137,-0.25959490907385663,-0.9869554167587384,C2S1
-0.5321501014494013,-2.4566285770200955,-0.39260695974094534,C3S1
0.5413946395184125,0.29767823253655906,-0.3596442675331134,C3S1
2.4243224688555625,0.5558526418285918,-2.6226537807744985,C2S1
1.9381756999923045,-0.32664922792744594,-0.33376366055581347,C2S1
2.4671864230229272,-1.1895593598054859,-0.38984650815028365,C2S1
-0.0988534878614004,0.8059568732579329,-0.1669693148873639,C3S1
2.998680203654973,-0.9755246667536732,0.7727033960814089,C2S1
1.529007400231007,-0.10881368686257104,1.0326189304011764,C3S1
2.038735550250614,0.014683709223802261,0.7176650984994378,C2S1
1.0356476439231106,-0.27847165627094866,1.3876270827846504,C3S1
-1.4148483362929118,1.0750190414077476,0.807069421949579,C3S1
0.13896690670834622,-0.051079319627326356,1.6882864651902634,C3S1
1.6464970114697128,-0.3825612123902328,0.6747691475137914,C3S1
1.53863986203838,-0.27795241352679545,-0.8233330189173613,C3S1
0.23292992203639024,-0.8281433744141581,-0.13463880133817455,C3S1
1.9607438583195274,1.279305448113753,-0.2012616971292305,C3S1
-1.311330558177332,-1.05996526540534,-0.3123121168598308,C3S1
1.46772181109149,-0.605639424013274,0.20275921217328993,C3S1
1.5804549438192614,-0.05357472530473573,-0.5825717192121179,C3S1
-1.5773538634834723,4.695332979356207,0.12219426524439472,C4S1
1.620227108415613,-1.1189263556663225,-0.0065082130876790625,C3S1
-2.2891423745077284,-2.359380135095664,-1.3608752091291678,C3S1
1.3860660850891697,-0.11030703601082967,-0.8176092797563907,C3S1
-0.06324981462201754,-1.2088236939806114,-0.8515999515899425,C3S1
1.3830489921748033,-1.1237802365487601,-0.8699350467755258,C3S1
1.4992870861786092,-0.37841817928417043,0.027349254644002067,C3S1
-2.602142235521605,-0.9693360178392711,-0.7991250223515031,C3S1
-0.7789766182097565,-1.8911198447175344,0.6824869301534849,C3S1
3.4159262896422207,-1.3361359153489747,-0.23405152077616584,C1S1
1.6611631386821681,-1.3148504372375829,0.23166437385725983,C2S1
0.7756385918569823,-1.143006502156679,-1.433534355731306,C3S1
-0.2764111475469297,-0.8678113924679445,-0.5965581045574556,C3S1
3.2680837777649367,-1.526934158353169,0.5336797856512252,C2S1
-1.7440834056077856,-0.6527114866795733,-0.8836859258062562,C3S1
2.291929893617433,-0.974690992296725,-0.5142075452838134,C2S1
2.4497925148142943,-0.7122559826480365,-1.0637747719779411,C2S1
1.9018440127225555,-0.06947361470520869,0.5456716662459621,C3S1
0.6980854363505995,-0.4212196805969019,0.16706032609523586,C3S1
0.7029579648191808,-0.5126239533859902,0.3606802362313027,C3S1
-1.230428301952914,0.5516700766433963,-0.5346681538572123,C3S1
2.5916804034634353,-0.6867132512305881,0.2371654262323195,C2S1
0.9554857481542188,1.107818149904398,-0.11721905181144293,C3S1
0.7733050558887576,-0.9492247897119463,0.4254132573498035,C3S1
-7.906460468205759,4.511681153575329,9.062484214629185,C4S3
-4.259720901002635,1.498972426785074,2.7235790374651576,C4S2
1.8773371036157,1.473208023387693,0.45677929241591314,C2S1
-4.147332229353556,-0.21290023806213923,-0.28348661858333807,C4S1
-0.46230232721861547,0.6830794984814195,0.13744779886534536,C3S1
0.8285044414310547,4.2131012961611605,0.19180809054300488,C3S1
2.1885775507150145,-0.4043577705080632,0.31860072329863415,C2S1
-0.2973276314271027,1.567708534907933,2.602808346295126,C3S1
0.8188447634435053,-0.40401364357896263,1.2006861528092387,C3S1
0.2907180172909634,0.2176560394587236,2.384525974508166,C3S1
0.4447527589377754,0.46350366373036894,0.9722666347797352,C3S1
0.747549814720135,-0.5469919051502264,0.6303646235147491,C3S1
-1.7269211078462074,-1.2480228187933948,2.316668135414795,C3S1
0.8469218449949912,0.7502775129366592,1.0947451392202505,C3S1
-1.3259759562940603,0.23356866414378952,1.448238374613243,C3S1
-0.8135282246887133,-0.4168984300240413,0.7707052236616283,C3S1
-3.739751461786616,1.9233827596666717,6.7551590224892415,C3S1
1.9526345427382876,1.186199950066676,-0.011155852836802994,C2S1
-1.5291745800363907,1.7479520350509845,-1.776626538457527,C3S1
-2.379509886324157,-1.551410286909048,0.7110324775560802,C3S1
-4.403786921261872,-1.1217742689324044,-1.7710207340077573,C4S1
-1.404841694539898,1.7967356901153368,-1.2364323967524316,C3S1
0.2349996522198621,-0.6529868154462077,-0.3477989819946665,C3S1
-2.5967532984108415,-1.0023782879844167,0.7178842178165862,C3S1
-0.39659301860196017,-1.1264275055076627,-0.5806789391583174,C3S1
-1.8585206143867563,-1.0148272712362356,-1.0953361177514125,C3S1
0.20833509671470923,-0.04854097018179515,-1.460100649505591,C3S1
-1.2068028540778832,-1.9978239247682654,-0.8239731556644142,C3S1
-3.872284454621706,-0.002967478916080955,-2.171174612919864,C4S1
-1.4065663365494026,-0.40171146176301614,-1.0893318182916134,C3S1
-1.0465855621518716,-0.6532358488406391,-1.3256653894962451,C3S1
-0.44668037671780103,0.3001735472341714,0.8005836904947854,C3S1
0.8507033872428713,-0.021919661931337146,-1.5950035328417527,C3S1
0.0757433182487673,0.6367935758782842,0.08500811599373824,C3S1
1.5455309580040815,-0.19592576583105042,0.5750024499107466,C3S1
1.8310937716074083,-0.24631227538615924,0.5186839652793107,C2S1
2.798652178824688,-0.279909774942885,1.0023389586708904,C2S1
2.4423563536155197,1.3676762958067799,-0.13017064989123162,C2S1
1.5276501782729126,-0.3116182422479253,0.3574646268491275,C3S1
-0.20268037634797417,-0.1855034684092552,0.5522871889825933,C3S1
1.1884932063585945,-0.12285097876945746,0.26566586561679767,C3S1
0.3986245864605053,0.5467059534966157,0.11853232797155742,C3S1
2.5791216900411533,-1.327490881054967,0.7243134407480796,C2S1
1.1010989876630521,-0.40352594290647464,1.1887955138172692,C3S1
-0.1408862299551858,-0.07523612094406665,-0.07427678565205398,C3S1
3.132340716862073,0.13428210590308431,1.126366640987636,C2S1
-6.925780151989743,0.2994229297240749,-0.2815601849593796,C4S2
1.8805131823454369,1.2016814173725634,-0.19441368685316895,C3S1
1.192108857497315,-0.8210927269094165,2.8414397025946583,C3S1
-6.360205305435684,4.629524608539616,-1.0826273636209611,C4S3
2.088598870192353,0.04768774967373755,0.766267336045736,C2S1
0.07110220162059197,-0.6749605366426285,0.4224814969161227,C3S1
-0.40791571412909305,0.39094313566475014,1.9933619839309427,C3S1
0.6175769897068478,2.2820366209096776,-0.37462539811402235,C3S1
0.16992933598126114,1.094013354043651,0.3930211640245005,C3S2
0.5042027115722899,2.288198452714919,-0.11822010282416547,C3S2
1.965372331089799,0.3579580400604049,-0.18838582409238572,C2S1
1.9275142401966865,-1.033576273387613,1.0800435143616411,C2S1
2.680946036465657,-0.8980080865026743,-0.31728826550991435,C2S1
3.025849081104026,-1.0926531208483292,0.030512533169524753,C2S1
-0.3328357898721166,-1.3403806262641549,0.17609061765712666,C3S1
0.39613323819888335,-0.14378442221618287,-0.5752066792124464,C3S1
2.6867259363413436,-0.6105697395810784,1.1089495749946374,C2S1
-0.5421286489004656,0.6818517427055196,0.8668614104728887,C3S1
2.524571936265861,-0.3464783658729489,0.7485327410946273,C2S1
1.2963240495198691,-0.7361777574563951,1.121712490517989,C3S1
-0.850386426758688,-0.6048699918725579,-0.37316403901440615,C3S1
-0.4769738329659849,0.3683527758800007,-0.23187747051477337,C3S1
0.6058208949350482,0.2985070265051674,0.2955242848731712,C3S1
1.2279232880416415,-0.6771678267307376,0.6246228370808935,C3S1
1.352822232394735,-0.680308727206409,0.43389808591747636,C3S1
1.3384626328857,-0.8919020418776653,0.6376997920642165,C3S1
2.739571250930137,-0.47217403430988236,1.0209923641536045,C2S1
0.1403616028043411,-0.47724279497499855,-0.49900015979658724,C3S1
0.9615810061874389,-0.24266301753340758,-0.0865127354252529,C3S1
2.5721667094509972,-0.40742367879769,0.8230043864391419,C2S1
1.76184659752261,-0.9764711375582421,0.5981999240457235,C2S1
-1.4331588200202376,-2.167643622426989,0.9938443949323805,C3S1
1.0877414312185958,-0.25665419513112636,-0.7739888726611387,C3S1
1.6057489020968863,-0.815129772201892,0.827767116742183,C3S1
2.292267926131175,-0.6933716756960147,1.111981270223976,C2S1
1.3476217123534078,-0.0022405603271954404,-0.17566879527294602,C3S1
-0.006829027613741057,0.8152298054686087,-0.14799677507971895,C3S1
2.30864623623241,-0.27728427112263615,0.9109797214767186,C2S1
-1.163762382882166,-0.22304283312091847,-0.008544056522872125,C3S1
-0.63453420495677,-0.5898185142014771,-0.0015096520936822096,C3S1
0.07573193920055729,0.4643183890603397,1.9094071110962498,C3S1
1.9097490021231789,0.598842261670496,-0.057558694933649436,C2S1
-2.2694445306373865,1.4032099703286824,-0.9735052025847998,C3S1
-1.5302556897955055,-1.3690621897972313,0.7647790964781634,C3S1
-0.9354762304078202,-0.1779926903312351,1.2313401998161764,C3S1
-3.0843429429618383,-2.245849797774521,0.5243807242319891,C3S1
-3.0893160442004457,-0.32676564956724247,0.5203919390294621,C4S1
-26.194122597543032,-6.379665183970736,-1.8497442448095196,C4S1
1.0032294491731544,-1.2090315589528577,0.8917615755435484,C3S1
-4.016391954541151,4.375015916272579,-1.798868993292416,C4S1
1.473821908274421,-1.0344220110437023,1.044052784451018,C3S1
-1.885563904893989,-0.015583719372419052,0.27334533779321657,C3S1
-0.7784916867280393,-0.7039137765127933,0.44730237904302933,C3S1
-5.257057770684517,1.182565611093266,0.6123037898329977,C4S1
0.10517547434016848,4.3371396030379366,-1.000357906729668,C3S3
0.1438456946389331,-0.08045468796397359,-0.1967617329876303,C3S1
0.8776674105530435,-0.4915994636188963,-0.5016210109415289,C3S1
0.5356569883663437,-0.9677700343280571,-0.5968456158836198,C3S1
-0.2119050197522244,-0.6148419796553921,-0.05116628594643745,C3S1
-2.059283445520167,-1.4961343804302765,-1.3522190937084329,C3S1
1.0969589674756892,-0.4822753875959278,-0.771177480805802,C3S1
-0.30666433611010574,0.5015863772190959,-0.9785671569900338,C3S1
-2.352702938982888,1.4923266194731057,-0.8935250047456309,C4S2
1.9701680097782546,0.19493705948906367,-0.8863141353405508,C2S1
2.7918544610731084,-0.4822448185366428,0.49037669045995613,C2S1
0.6725759640492343,0.23917011677717176,-0.41204766358273176,C3S1
-1.0395942060261998,-1.2830361154196994,-0.41578960728503095,C3S1
0.29426153286873175,-1.0488442892834502,0.43310685249676556,C3S1
1.1310588075845858,-0.002539971371076703,-0.7036259406557299,C3S1
1.2878067039796939,0.5053565122075925,-0.19243205260283383,C3S1
-2.2908432728938974,0.49249456442642214,-0.351606283127108,C3S1
1.4401301359421297,-0.23293324604947405,-0.08699414525625786,C3S1
2.049089457205785,-0.8376999659275384,0.4442410480246199,C2S1
1.7815590545423559,-0.19430314007718952,-0.17370819202922153,C2S1
-0.35049539209208797,-0.4843617493087413,0.15920926481266823,C3S1
2.6182236075217165,-0.7669058656822709,0.9336912685653196,C2S1
1.43211251312373,-0.2563884975964302,-0.19971889374475202,C3S1
1.3889030330629175,-0.3520645292083923,0.6945138506373916,C3S1
0.9383051396534294,0.6584659473956795,-0.08837364667789757,C3S1
2.0357643566881385,-0.33339297927126965,0.8013938417369393,C2S1
-1.1328523063791023,-0.706805780938065,0.9935721897329504,C3S1
0.5084774389193587,-0.19462788765509864,0.6628673763997254,C3S1
-6.195270185591006,-2.4308939473471867,1.2248833795613006,C4S2
1.148641667777364,-0.04217710572017517,1.1732551126352695,C3S1
2.627794093841903,-0.07705465371557203,0.8677880420962917,C2S1
1.2408843315336555,0.170211598833141,0.3799260531706505,C3S1
-0.0029911362801465693,-0.8900481859245885,0.8383616900699402,C3S1
2.590079467458065,-0.23707950930355048,1.1028001173440471,C2S1
0.9548575110957291,-0.006883252324325039,0.5718683637471067,C3S1
1.9373486616698323,-0.06688901357509432,-1.5232926493793044,C3S1
-0.8103586719434956,9.000960197823057,-3.60624512578537,C4S4
1.6147447451799264,0.4959066897071122,0.633885947816581,C3S1
-5.633953546954995,-1.6425965734237429,0.8845158095514429,C4S1
2.3317094639234197,-0.10657555072880133,0.9948425553423758,C2S1
-1.648168473375607,-0.7037314210423434,-0.2646848529730247,C3S1
1.6853091326766938,0.7957950574236565,-0.7108588613723347,C3S1
2.163008381859101,0.5765138408329069,0.46820260992778434,C2S1
2.358622951961392,-0.19511545974734762,0.5488743669926641,C2S1
3.0672960471822486,-0.8872150713565463,1.119676979345229,C2S1
1.9457173822876344,0.6395857226867516,-0.27520304200758583,C3S1
2.1625969875500246,-0.5772012633725461,0.05898484989272381,C2S1
-0.9025520547723531,0.5613988464521538,-0.25093238522759154,C3S1
-0.8340910085389548,0.43711846307331176,0.49722045636522233,C3S1
-0.9632113811698925,0.47708527253767,0.06858831451430308,C3S1
2.5328965055153105,-0.5392541290890954,0.8548004731775867,C2S1
0.9308125444756414,1.8944640037243778,-1.2934921850375005,C3S1
2.64285489312916,-0.5297286788327902,1.1187018296016498,C2S1
0.8580539732511933,1.1398516094860769,-0.5314462253161943,C3S1
2.625601517543091,-0.6294829199025564,1.0801499542872346,C2S1
2.153757965727018,1.124161051093788,0.7399332695243948,C3S1
-4.894383861900811,2.3122385773829954,2.5557350982094227,C4S2
0.8570038595401168,-0.49130468636095787,0.10637434160505581,C3S1
2.092603176498156,1.742510808927651,0.3946318900646578,C3S1
2.184129568484501,2.861713407992278,-0.8842182498732339,C3S1
-0.4955808913125295,-1.089921279206215,0.3567080248629635,C3S1
0.3572961347906198,0.02217291219263112,-0.4584602005179918,C3S1
2.7723729497890846,0.26834094370385136,0.9125139989076437,C2S1
0.48385510493627354,0.5629574929222724,0.1443031946559964,C3S1
-2.062854841962235,-0.7097279656555101,-0.30565003360187143,C3S1
-5.522495228551134,1.1083029306347838,-0.24127652498982893,C4S2
-0.06761535833175239,0.14503496166341226,0.665425778886893,C3S1
1.0762832489602407,-0.6936876076179027,-0.30480673589683743,C3S1
1.6508158847024994,-0.1879281238156271,0.12628264875655035,C3S1
-0.9723430623410089,1.1564774773746225,-0.43158964730664423,C3S1
0.5567492681669206,0.6645820092491643,0.497333364471828,C3S1
2.8609122081219676,-0.7488262326820371,0.591034649111697,C2S1
2.47639687524332,-0.011020801121327192,0.6157807433422227,C2S1
1.3319147617099933,0.834896610325014,-0.7317046284269784,C3S1
1.7501341854391743,0.02049437433847002,0.3504725062174111,C3S1
1.1741133790431193,-0.11668927181831758,-0.6288478447546187,C3S1
-2.2188826257566694,0.05633359364853281,-0.6334560762848609,C4S1
-0.6146157221822337,-1.073340279940842,-0.4994544439716641,C3S1
-0.4324568094591701,0.5570380898113538,-0.9105034670893224,C3S1
-0.11158922938724036,-0.22851426042865763,-0.5688381499079095,C3S1
0.9203603598439082,0.22490826812257161,-0.3774951062796868,C3S1
-4.208941568304063,0.19246557199434078,-0.6037947970968772,C4S1
-1.081160695103026,-0.4724001460417979,-1.7701830040909416,C3S1
-4.950158975490574,-2.0292501817510513,-1.6188793430640909,C4S1
-0.4268383157156348,0.5884637042030556,-0.8751697214858226,C3S1
0.23450668893142151,-0.06641130775614616,-0.8053571573884185,C3S1
-1.3762139063388679,-0.8664377648700791,-0.29187232973818095,C3S1
-1.6695965588925707,-1.3894151067483986,-0.10791747025652784,C3S1
1.0772091649673385,-0.5502599326351849,-0.06195008810439634,C3S1
-4.6440790312581415,-1.8323153124022187,-0.683906981063347,C4S1
1.8918662804769075,-0.32749933119755903,0.24834074340282658,C2S1
-0.20428172286300977,-0.5241776230593269,-0.3441598455429066,C3S1
0.41940047327883895,1.6684685421212095,-0.6150503880369128,C3S1
2.80503019768298,-0.26402356377349295,0.6141547009255607,C2S1
2.6928371156827815,-0.4560155385036089,0.7351867144960227,C2S1
-11.493471959768154,-5.597198173388282,-1.5077499893320798,C4S1
1.5043776564680622,0.4508495081120991,0.1642211203917071,C3S1
-1.4188345126107795,1.1012033027122905,-0.9676112468491774,C3S1
2.8695746123696573,-0.9555049934343646,0.4578878031331063,C2S1
2.9632882325025,-0.8909286220038338,0.6534735228247296,C2S1
1.1580716313589972,0.3448801953126521,0.2282067241028329,C3S1
1.838244067823863,-0.045000797837158206,1.3918088845521415,C2S1
-1.0467366041042567,-1.062796414069987,2.2682526412951627,C3S1
0.34479473944207706,-0.515644642684094,0.9014892451499303,C3S1
-1.3982803623348061,-1.210992995743467,-0.37259126470958887,C3S1
-3.034417059598967,-1.3631550548493863,-0.8626286730783753,C3S1
-5.455804768697467,-0.6106087071685142,0.20996837825252138,C4S2
-0.31875812116229274,0.16180729932886828,-0.00893564917548966,C3S1
-3.262469556419596,-0.6096195539071774,0.322943444187815,C4S1
-4.2267512379000305,-1.3690407304586034,-0.2672703573895592,C4S1
2.186009856096748,-0.7625941079446673,0.9852834115886435,C2S1
-9.87019728156906,1.4408894344780243,1.0598130468190903,OG
-3.3504509040874986,-1.9572454313468917,-0.1698278811830673,C4S1
1.118269437894717,3.2309382982843595,-1.403780627428131,C3S2
1.0485652581674565,0.504392881896597,-0.07859440630370682,C3S1
-0.40550938173482853,4.797379775147226,-1.8783210900183525,C3S2
-0.9599818696909562,-0.0008204224293094706,0.14680561585891694,C3S1
-0.24796752855023396,-0.5667325556699117,-0.11668526623974725,C3S1
1.577346944081497,0.08705185478582012,0.48462902478665615,C3S1
-0.7439532299792126,-0.5592659441986153,-0.32519456420823617,C3S1
2.408236183729341,-0.21731879925385403,0.7144079952281164,C2S1
1.451791210958648,-0.6892970129372384,0.2834030386155864,C3S1
-0.589103109100331,-1.25241849732169,-0.022490056675643168,C3S1
1.2932158218011265,-0.9400022380293157,0.27999817608573946,C3S1
2.1647839890931264,2.7824733475195287,-0.7234657928699382,C3S3
-1.7274562143896879,6.667461152988377,-2.6226678600823985,C4S4
-0.1957606824520619,-0.6922674801886753,-0.10553532751522646,C3S1
2.29838854282875,-0.826204455098048,1.2467491246840876,C2S1
0.4792725804095723,-0.026724033285202595,0.09727066455089706,C3S1
-0.5825585360537197,-1.186296899231161,0.6357607363700856,C3S1
-4.6057384417202085,-2.4707289107770185,-1.0002493123861809,C4S1
-2.8805973486494416,1.9938253474652896,-0.8908433638783526,C4S2
2.5473664537594964,-0.6782060498308845,0.7485467628776306,C2S1
1.646336445755898,3.8418069070704783,-1.0309560280917147,C3S3
-0.4030689095762139,-0.3726922008277161,0.14949404448846962,C3S1
-1.9889415205418537,0.09319786717001359,-0.1114292270512504,C3S1
1.11694106736588,0.8991728760166836,-1.1774257671332784,C3S1
1.1285307756362795,0.7948054745320557,-1.026460847261726,C3S1
1.1976521180180533,-0.12667226816450297,0.6519989486416097,C3S1
-0.19706286657820657,-1.1739977612083858,0.2449800426089762,C3S1
-0.5219984448788528,5.858432121597482,-4.024669404434981,C3S2
-12.083576917689335,1.4013330869422105,-0.1217342460182058,OG
1.1277477642176452,0.8500229438120311,-1.5448410308747909,C3S1
-0.6771265859704677,3.9826535239813143,-0.6756167021504511,C3S3
2.4005530171968568,-0.18237499363327062,0.9756268206124473,C2S1
2.620415174326072,-0.4722665230757997,1.1226551576911497,C2S1
-1.9794020174639018,1.008985482556593,-0.42175326070631725,C3S1
-0.0007830823225834731,1.2593591312194874,-0.5524212445048883,C3S1
-4.010133809263504,-0.6600614976974465,0.683574853497384,C4S1
-0.25056274937045514,0.22733918499275602,0.2229648624147936,C3S1
0.8039598041695645,-0.9239215055834642,0.28331063366035586,C3S1
-0.9853339464727545,-1.5250447329879315,0.22382652321878707,C3S1
-3.753508071144905,-2.052179598314731,0.7760272402690542,C4S1
1.9485915124664546,2.477748378638933,-0.3815853398382726,C3S1
-10.070115435063746,-3.0908337920546494,0.990116704008844,C4S2
-1.1661138499453416,0.061919947343640654,-0.03853323304443145,C3S1
2.0013404617780037,1.1216502079957935,-0.7718029894069538,C3S1
-2.349627129511858,1.8393331733417566,0.16431349164860537,C4S1
1.8240943725384253,0.665584944546882,0.4037386709764683,C3S1
0.047545643953122475,0.25791967369898977,-0.17453045068109746,C3S1
1.2755141052947927,0.09110192803584605,0.4168421126220572,C3S1
1.862568630028138,0.3126721206717577,0.4219460489634076,C3S1
0.11532142842898825,-0.03472468652945138,-0.806170845146929,C3S1
1.194795162980624,-0.1901163723142305,0.6830658139642312,C3S1
1.8904445379926589,-0.3753793489849128,0.44330776823281476,C2S1
2.7979076232649236,-0.5945977993668877,0.5601772511070594,C2S1
-0.27458129839362017,-0.7340506033827776,0.5333235990323423,C3S1
0.012558457952373947,-0.12460520250594632,0.45926967012693076,C3S1
2.141768492789708,0.12553976470348777,-0.14368589441563567,C2S1
-0.7912548313805556,-0.45942575797325425,0.30556464827763746,C3S1
0.6636904384572822,0.029694657774127543,-0.4355588299163819,C3S1
-9.62623372624972,-2.7234768510023026,-1.7228687938434246,C4S1
-0.8084351364253786,-0.42259458002847755,-0.2889839896216601,C3S1
1.5440037664995667,0.4661698007589331,-0.2629625820791191,C3S1
1.6073923800980385,-0.38920222619136086,0.07271550851834728,C3S1
0.7015951306294453,0.10579841813326449,-0.2011500350394687,C3S1
1.7620815940968328,-0.3209672187108383,0.14937514264006263,C3S1
1.4695820470464849,0.6739220675964439,-0.3399529476231027,C3S1
1.834977635194847,0.568232910284929,-0.08474720801932999,C3S1
1.0819352752742994,-0.9535576531057386,-0.44275910224548587,C3S1
-1.106201528855923,-0.8003962945555684,-0.22239971188324084,C3S1
0.38566029972543486,-0.8682458170133791,-0.430999553144052,C3S1
-1.886374314822413,0.07550678977120698,-0.37265410125394605,C3S1
0.38912537998451197,-0.5795575840570568,0.1554611943707654,C3S1
-0.4415737235121615,-0.41095039311880843,0.04241152287231877,C3S1
-0.7768349707442558,-0.16882367676821838,-0.6856429238233994,C3S1
0.9013109085719464,0.2931972469178103,-1.063579327253684,C3S1
-8.931886327932682,1.5215256121218899,5.592871190792459,C4S1
-1.0906566285747235,1.4429474041705561,0.35934706944400513,C3S1
-1.286876016695286,-1.1369295442894467,0.23596690082078806,C3S1
0.8658920814852133,-0.15290005315450395,-0.22588743596038616,C3S1
1.048393393714173,-0.18981892185671687,-0.1578583009422948,C3S1
1.5637801578083987,0.4008828494586648,-0.6416148223309018,C3S1
1.2938516444236734,-0.8260633332543357,0.9790285661099191,C3S1
2.0883236542977692,-0.36601675141119167,0.7881559632977774,C2S1
0.5318979890758802,3.3138135585256046,0.232524962410405,C3S1
1.901670876226666,0.21313256835253358,1.0667218478800777,C2S1
1.7327842001791105,-0.13320801186748452,0.12574487469463566,C2S1
2.2816893557064204,0.37989384530481113,0.009624680207719826,C2S1
-3.254091669692966,-0.41209052762793263,0.15838964452644877,C4S1
1.7397599717403185,-0.6219761710780878,0.10608564107299742,C2S1
1.3911894339069226,-0.02277787894030252,0.2736452587137893,C3S1
-2.493704944154797,-1.2362439603217628,-0.14702596250998326,C3S1
-1.682674492546599,-0.7819437611839032,0.8998242778421283,C3S1
0.6969557644931517,-1.343183295514107,0.5175781115134941,C3S1
-0.21987176995592073,-0.9425629274155789,-0.5110178989057256,C3S1
-11.584517103735246,-0.04455594870674487,9.062349216457974,C4S2
1.4675952844463664,0.34657568135126177,0.13058239964055457,C3S1
-0.31951408915714374,-0.4537359652680444,-0.23637142969974873,C3S1
-0.8331399093966021,0.05108997925123971,0.16310556925367453,C3S1
-8.799635285871974,-2.8358113619241307,-0.5737338359415873,C4S1
-1.5504923864611302,-1.7338912571449034,-0.916751859578541,C3S1
1.2849479079631172,-0.338676004538511,-0.012697636614263326,C3S1
-1.198243688189641,-1.7720383771580914,0.01106030821819937,C3S1
-5.737214399186229,-3.472749366074164,-0.7934423254445273,C4S1
0.885890967213077,0.27113568089705326,-1.0811973638273968,C3S1
-0.8557213776551519,-0.34254971427341147,-1.1803780436333298,C3S1
-6.599982925158591,-3.522064504582279,-0.8908027238156734,C4S1
1.9846927461426842,-0.13388051003040333,-0.6827361591474507,C2S1
2.7366665329798443,-0.967159458979648,-0.22235527337482808,C2S1
0.1723421947506046,0.24592644065610286,-0.953837657419765,C3S1
0.05298565124315173,-0.0662462692392069,-1.1126587561306165,C3S1
-5.712706623908664,-0.6641789435295585,0.596531108707849,C4S1
-2.9068661576355908,0.12463560070295898,-0.905842728654078,C4S2
-2.1649790736790053,-0.808630149112348,-1.245098260810438,C3S1
1.1961305136658682,-0.028653483380639513,-0.9083799408897215,C3S1
0.4534203135774847,-0.215921234018446,-1.4693492665213643,C3S1
1.8911546035521216,0.1551222229558486,-0.6831259487911711,C2S1
0.15177680995656978,-1.2110255969651609,0.014125087411271102,C3S1
1.0300813184563438,0.2405626563908091,0.3807784063722204,C3S1
1.5953073254662504,0.4492256726791011,-2.5313057778589974,C3S1
0.1491253654449793,-0.8833018568184977,0.5190087248577223,C3S1
2.035467072670269,-0.3568037833428256,0.009541283058479589,C2S1
3.0094133997954637,-0.46283193241029563,0.9780119688073374,C2S1
0.36346430931328955,0.11904301870794423,0.1653139462082591,C3S1
1.8010380239784929,-0.20790398830876486,0.7258999685534162,C3S1
1.6612764561051994,-0.09433569192410554,0.1701558165651838,C3S1
-1.0747048398536798,0.07280470201254087,-0.1691414255911009,C3S1
0.5807452881244137,0.15102608395767117,0.1627858984983062,C3S1
0.9156588036142549,-0.23979770843181786,0.27633453577446715,C3S1
1.540195613835458,-0.05804721987297484,0.03349437753226602,C3S1
1.4622888074760272,-0.06465953420404796,0.1295047132640909,C3S1
0.23280759463906275,0.2412826557744518,-0.661072978803355,C3S1
0.4044825504690664,-1.1682917547485803,0.12566585005807762,C3S1
1.2895751827732262,0.20706599850211546,-0.020122871210727426,C3S1
1.7523085323532561,-0.4194581021569864,0.40763868319838426,C3S1
-10.914514016792008,-1.6399097370908675,0.9994879271327484,C4S2
2.461618766163804,-0.0035552206390491972,0.8184237298944282,C2S1
-3.71506595833889,-0.29214537487976694,-0.43604304652997344,C4S1
2.0906634620149878,0.02800327407836768,0.025118233721349543,C2S1
0.5199136661412664,-1.0636877884818832,0.040308607052695,C3S1
2.479342660978797,-0.16811406186022498,0.5615611865434271,C2S1
-6.014786859073937,-1.9438169333109112,1.315305311034411,C4S1
-1.0494343528209356,-1.425147878747915,0.5759349239869813,C3S1
2.4441471568891773,0.46025928851469156,0.9713962516728453,C2S1
3.0024946682274325,0.1376865453879156,0.4770700464838316,C2S1
2.581721523613952,0.39780397417353847,0.8886706185277858,C2S1
1.933664725372581,-0.9199697486641039,0.30123525774752224,C2S1
0.4995773360470613,-1.2484747569214152,0.3808100835910221,C3S1
2.611725603573569,-0.2969371083261413,0.9028067404634826,C2S1
-0.549692800079561,0.3191076303067364,-0.33568810617558287,C3S1
2.211160037993428,-0.6240935129317601,0.1674248979355182,C2S1
2.2584115648683714,-0.18265217562000233,-0.41569522509088047,C2S1
2.271793598530305,0.517066555764916,-0.08798703641644698,C2S1
2.2928504425889225,0.502079780622271,0.07332659353699819,C2S1
0.2622068557285548,-0.6493165562237846,0.33258808779158605,C3S1
2.2775782653064964,0.4601155174903672,-0.39807431531021403,C2S1
0.27765912345154453,-0.6279286438333401,0.33268323515738635,C3S1
2.309983829434458,0.48054848148019264,0.04363419404465524,C2S1
2.0242605629327852,0.417585552766536,-0.1641627430793478,C2S1
-9.002130811669623,-1.7668418003299964,0.527289902441662,C4S1
-2.9000793112926857,0.9458233935023121,-0.3610166928914547,C4S1
1.808860686488146,-0.6178533079031819,1.0785962360761987,C2S1
0.1985959830331125,0.10509033933265005,0.1270966222707017,C3S1
0.41955040101762175,0.6283202816969732,-0.33598483307069804,C3S1
2.734547633193913,0.22233210893585578,0.6503678276610032,C2S1
-3.0236136543579812,-0.24390925295052152,-0.10449610870548098,C4S1
0.2632629074907335,0.07979482874831251,0.20766842308772004,C3S1
0.032643280445089566,-0.6062242216306508,0.6984568329185565,C3S1
2.417378537545021,-0.06653717892001389,0.5670397482741624,C2S1
0.2708244119397268,-0.7008829431256042,1.0383249750140917,C3S1
1.81150579956601,0.07155925601484989,0.25351098071832917,C3S1
-0.6881034226841167,-0.5439767800191909,0.9476379586422101,C3S1
-1.216021118379248,0.28305209706068885,0.4693471503154314,C3S1
-1.6341719838887234,3.1466037052904374,-1.5792371296465004,C3S1
1.0823689265582568,-0.02021413289858285,0.5200843071211373,C3S1
-1.540979021587475,1.4299324679488514,-0.5113614966726613,C3S1
-2.6257816877320326,-0.8028730684262049,-0.35742684258170376,C3S1
-0.6195627455566327,-0.451366717404667,-0.13339611348009528,C3S1
-0.18758679273430398,1.5199540212609914,-1.140838390325399,C3S1
-0.12307699517212431,1.037052851734568,2.6639403549832092,C3S1
1.6387064521883135,0.05694626623998969,0.2756216897840196,C3S1
2.4982629319197587,-0.5153943871203993,0.6190625299141812,C2S1
1.188837789107427,-0.4009445656086345,0.09795682824792866,C3S1
-6.1128385094292925,-2.502320770607645,0.4201277682404337,C4S2
2.1030020196297077,-0.3189681202821782,0.7299259563450773,C2S1
-3.4926456903777794,-1.4203065700389435,-0.3187356883725887,C4S1
-2.6805568192817737,0.28104068376414454,0.7615564254334344,C3S1
0.6059658608604684,-0.8532413950083438,0.768675866042511,C3S1
-10.282024943720446,-2.2603054182861153,0.11621563497473167,C4S1
-3.6972707022010862,-1.9114431704808488,0.45577463946982205,C4S1
